{"DaySin_OHCL_model_0": {"params": {"n_neurons": 64, "window_length": 100, "pct_train_data": 0.9, "epochs": 25, "batch_size": 24, "forecast_horizon": 1, "epoch_length": 700}, "training_loss_per_epoch": [0.12138242274522781, 0.00818818248808384, 0.005264877341687679, 0.003865763545036316, 0.0033103160094469786, 0.0029177817050367594, 0.0026807712856680155, 0.002482485957443714, 0.0023380692582577467, 0.0021623612847179174, 0.0020419922657310963, 0.0019384241895750165, 0.001848490908741951, 0.001766282832249999, 0.0017093672649934888, 0.0016619216185063124, 0.0016105349641293287, 0.0015952535904943943, 0.0015267401468008757, 0.0014818161725997925, 0.001460605883039534, 0.0014457469806075096, 0.001425728085450828, 0.0014014755142852664, 0.0013737708795815706], "validation_loss_per_epoch": [0.004214045591652393, 0.003706547897309065, 0.0035200254060328007, 0.003947132732719183, 0.0037414480466395617, 0.0034822633024305105, 0.0031191385351121426, 0.003656423883512616, 0.0030627010855823755, 0.0029631222132593393, 0.002821177477017045, 0.0028243293054401875, 0.0027570133097469807, 0.002676235744729638, 0.002667477587237954, 0.0026135570369660854, 0.0025349098723381758, 0.0024451548233628273, 0.0024201858323067427, 0.0023883813992142677, 0.0023235157132148743, 0.0023407444823533297, 0.0022787456400692463, 0.0023447368294000626, 0.0022075611632317305], "description": "Trained on 5minute AAPL data"}, "DaySin_OHCL_model_1": {"params": {"n_neurons": 64, "window_length": 100, "pct_train_data": 0.9, "epochs": 25, "batch_size": 36, "forecast_horizon": 1, "epoch_length": 700}, "training_loss_per_epoch": [0.10749571025371552, 0.008302521891891956, 0.005571121349930763, 0.004256952553987503, 0.003666623728349805, 0.00344244041480124, 0.003280684119090438, 0.0031215425115078688, 0.0029417346231639385, 0.002816086867824197, 0.002710331231355667, 0.002670661546289921, 0.002522276248782873, 0.0024361726827919483, 0.002346044173464179, 0.0022719325497746468, 0.002207353478297591, 0.00214665406383574, 0.0020649004727602005, 0.0020143466535955667, 0.0019566162955015898, 0.0019036864396184683, 0.001868950785137713, 0.0018325666896998882, 0.0017838168423622847], "validation_loss_per_epoch": [0.008547739125788212, 0.005413810722529888, 0.005790902301669121, 0.005194664932787418, 0.005611458793282509, 0.004866092465817928, 0.005686190444976091, 0.004561013076454401, 0.004733092151582241, 0.0047010090202093124, 0.004945707973092794, 0.004471535794436932, 0.004133027046918869, 0.004052639473229647, 0.003909607883542776, 0.0037042933981865644, 0.0037245964631438255, 0.0037455870769917965, 0.003578728763386607, 0.0034000370651483536, 0.0033699108753353357, 0.003277766751125455, 0.0031859800219535828, 0.0030428762547671795, 0.0030927767511457205], "description": "Trained on 5minute AAPL data"}, "DaySin_OHCL_model_2": {"params": {"n_neurons": 64, "window_length": 100, "pct_train_data": 0.9, "epochs": 25, "batch_size": 48, "forecast_horizon": 1, "epoch_length": 700}, "training_loss_per_epoch": [0.3093002736568451, 0.015351067297160625, 0.009682781994342804, 0.007433188613504171, 0.0058151246048510075, 0.004660722799599171, 0.0039866045117378235, 0.0035710844676941633, 0.0033093001693487167, 0.0031485953368246555, 0.0030148772057145834, 0.002916585886850953, 0.0028131098952144384, 0.0027246675454080105, 0.0026473833713680506, 0.0025702400598675013, 0.0024949072394520044, 0.0024162139743566513, 0.0023723633494228125, 0.002319871913641691, 0.0022397092543542385, 0.002198129426687956, 0.002140606055036187, 0.002106164116412401, 0.002052528550848365], "validation_loss_per_epoch": [0.04099373519420624, 0.0065971482545137405, 0.005333423148840666, 0.005330365616828203, 0.004935328382998705, 0.005278139840811491, 0.005096291657537222, 0.005239953752607107, 0.005277527961879969, 0.0049034347757697105, 0.0050201937556266785, 0.0048802620731294155, 0.004644131753593683, 0.004838905762881041, 0.0046879383735358715, 0.004378383979201317, 0.004421420861035585, 0.004252234008163214, 0.004455192480236292, 0.004074178636074066, 0.003998621832579374, 0.0038823566865175962, 0.003816063981503248, 0.003976831212639809, 0.004059606697410345], "description": "Trained on 5minute AAPL data"}, "DaySin_OHCL_model_3": {"params": {"n_neurons": 64, "window_length": 100, "pct_train_data": 0.9, "epochs": 35, "batch_size": 24, "forecast_horizon": 1, "epoch_length": 700}, "training_loss_per_epoch": [0.13088855147361755, 0.007257323712110519, 0.004567380528897047, 0.003385385265573859, 0.002933518961071968, 0.002762395655736327, 0.002585644368082285, 0.002446072408929467, 0.00233530648984015, 0.0022375884000211954, 0.00215902435593307, 0.002097135642543435, 0.0020057084038853645, 0.0019119390053674579, 0.0018545310012996197, 0.0018119673477485776, 0.0017455245833843946, 0.0017162570729851723, 0.00170088408049196, 0.0016238096868619323, 0.0016585072735324502, 0.0015648289117962122, 0.0015533807454630733, 0.0015026567270979285, 0.0014868906000629067, 0.001482659368775785, 0.0014502728590741754, 0.0014302028575912118, 0.0013755742693319917, 0.001378556014969945, 0.0013675157679244876, 0.0013475681189447641, 0.0013396583963185549, 0.0013262577122077346, 0.0012875505490228534], "validation_loss_per_epoch": [0.0045148227363824844, 0.003980469424277544, 0.003951337654143572, 0.004252945072948933, 0.0042568682692945, 0.0038648145273327827, 0.003837696509435773, 0.0037942370399832726, 0.00391842145472765, 0.0036959366407245398, 0.003401377471163869, 0.0032683126628398895, 0.0033633669372648, 0.003250422887504101, 0.0031251274049282074, 0.003114975756034255, 0.0030738222412765026, 0.0031396786216646433, 0.0031147876288741827, 0.003007605206221342, 0.002732392866164446, 0.0028035349678248167, 0.002697924617677927, 0.0026606114115566015, 0.002814926439896226, 0.0025705373845994473, 0.0026880274526774883, 0.0026592593640089035, 0.002502595307305455, 0.0025593326427042484, 0.0024455792736262083, 0.002395347924903035, 0.002416021190583706, 0.0028042050544172525, 0.0023748627863824368], "description": "Trained on 5minute AAPL data"}, "DaySin_OHCL_model_4": {"params": {"n_neurons": 64, "window_length": 100, "pct_train_data": 0.9, "epochs": 35, "batch_size": 36, "forecast_horizon": 1, "epoch_length": 700}, "training_loss_per_epoch": [0.2138184756040573, 0.012042458169162273, 0.007889659143984318, 0.0054535651579499245, 0.00412749545648694, 0.0034735482186079025, 0.003199996193870902, 0.0030571233946830034, 0.0029204508755356073, 0.0028113294392824173, 0.0027234016451984644, 0.0026339346077293158, 0.002557746833190322, 0.002483929507434368, 0.002409227890893817, 0.002325472654774785, 0.002281282329931855, 0.0022078254260122776, 0.0021528771612793207, 0.00208986084908247, 0.002019289880990982, 0.001982463523745537, 0.0019377004355192184, 0.0018914648098871112, 0.0018502708990126848, 0.0018048119964078069, 0.0017882157117128372, 0.001742993714287877, 0.0017207495402544737, 0.001678063184954226, 0.0016678180545568466, 0.0016200781101360917, 0.001630291691981256, 0.0015957356663420796, 0.0015625142259523273], "validation_loss_per_epoch": [0.0061567495577037334, 0.005981283262372017, 0.005435108207166195, 0.00538360932841897, 0.005296194460242987, 0.004996942356228828, 0.004907950293272734, 0.004890698008239269, 0.004804383963346481, 0.00461219809949398, 0.004643786232918501, 0.004401443526148796, 0.004468483850359917, 0.004337360616773367, 0.004234264139086008, 0.003914079163223505, 0.003932743798941374, 0.0037739011459052563, 0.004006695002317429, 0.003797008655965328, 0.003500710939988494, 0.003514460986480117, 0.0034841399174183607, 0.003263040678575635, 0.0032965221907943487, 0.0031925253570079803, 0.003150729928165674, 0.003036469453945756, 0.002991147106513381, 0.002945729298517108, 0.002998766489326954, 0.0030943520832806826, 0.0027798302471637726, 0.0027408478781580925, 0.0027757526841014624], "description": "Trained on 5minute AAPL data"}, "DaySin_OHCL_model_5": {"params": {"n_neurons": 64, "window_length": 100,